Model,T-Test Result,T-Test P-Value,Binomial Test Result,Binomial P-Value,Chi-Square Result,Chi-Square P-Value
claude-3-5-sonnet-20241022,-2.07716125923799,0.044,0.558,0.016,6.009,0.014
deepseek-chat (v3),Literally first option always selected,,1,0,450,0
deepseek-reasoner (r1),-0.839503892941215,0.406,0.464,0.144,2.276,0.131
gemini-2.0-flash,-0.456991473157021,0.65,0.593,0,15.68,0
gpt-4o,-1.97969742839028,0.054,0.668,0,50.782,0
meta-llama_Meta-Llama-3.1-405B-Instruct-Turbo,0.73960722140289,0.463,0.74,0,103.68,0
o1,-2.99670251922018,0.004,0.762,0,123.769,0
